{
    "loss": 2.03182053565979,
    "accuracy": 0.7318840622901917
}